Participant,Absolute Time,Minute Count,Acceleration Sum,Acceleration Variance
P12,4/2/18 17:00,60,4.704102671,0.012115565
P12,4/2/18 18:00,60,4.134780677,0.002782706
P12,4/2/18 19:00,60,0.892912288,0.000238694
P12,4/2/18 20:00,60,1.858704473,0.000955897
P12,4/2/18 21:00,60,1.954969366,0.000975668
P12,4/2/18 22:00,60,0.345144052,9.70E-06
P12,4/2/18 23:00,60,0.320936773,5.14E-06
P12,4/3/18 0:00,60,0.403202841,2.88E-05
P12,4/3/18 1:00,60,0.546072007,9.96E-05
P12,4/3/18 2:00,60,0.439752534,1.82E-05
P12,4/3/18 3:00,60,0.516860173,3.96E-05
P12,4/3/18 4:00,60,0.570961644,0.000146913
P12,4/3/18 5:00,60,0.697450593,0.00010644
P12,4/3/18 6:00,60,0.432353516,3.66E-05
P12,4/3/18 7:00,60,0.953880339,0.000451979
P12,4/3/18 8:00,60,0.741652312,0.000207093
P12,4/3/18 9:00,60,0.720032394,0.000139879
P12,4/3/18 10:00,60,1.574161423,0.000841875
P12,4/3/18 11:00,60,2.488804712,0.000578869
P12,4/3/18 12:00,60,1.248530335,0.000457978
P12,4/3/18 13:00,60,6.479776155,0.002878335
P12,4/3/18 14:00,60,2.356375139,0.000464545
P12,4/3/18 15:00,60,3.630925916,0.001663296
P12,4/3/18 16:00,60,2.231591699,0.001337658
P12,4/3/18 17:00,60,1.339818879,0.000742962
P12,4/3/18 18:00,60,0.325242493,8.77E-05
P12,4/3/18 19:00,60,0.30225963,6.98E-05
P12,4/3/18 20:00,60,0.221833032,1.81E-09
P12,4/3/18 21:00,60,0.221466493,2.50E-09
P12,4/3/18 22:00,60,0.218738319,1.75E-09
P12,4/3/18 23:00,60,0.216992572,2.48E-09
P12,4/4/18 0:00,60,0.215637791,1.68E-09
P12,4/4/18 1:00,60,0.213655443,2.65E-09
P12,4/4/18 2:00,60,0.212369846,1.72E-09
P12,4/4/18 3:00,60,0.211436235,1.20E-09
P12,4/4/18 4:00,60,0.210689217,1.44E-09
P12,4/4/18 5:00,60,0.210503996,1.69E-09
P12,4/4/18 6:00,60,0.209418563,1.88E-09
P12,4/4/18 7:00,60,0.208935505,1.38E-09
P12,4/4/18 8:00,60,0.209047436,2.25E-09
P12,4/4/18 9:00,60,0.209128318,1.32E-09
P12,4/4/18 10:00,60,0.209490511,1.92E-09
P12,4/4/18 11:00,60,0.209162313,1.62E-09
P12,4/4/18 12:00,60,0.827547502,0.000837141
P12,4/4/18 13:00,60,4.402938732,0.014705032
P12,4/4/18 14:00,47,1.261707641,0.005015656
P12,4/2/18 17:00,60,4.704102671,0.012115565
P12,4/2/18 18:00,60,4.134780677,0.002782706
P12,4/2/18 19:00,60,0.892912288,0.000238694
P12,4/2/18 20:00,60,1.858704473,0.000955897
P12,4/2/18 21:00,60,1.954969366,0.000975668
P12,4/2/18 22:00,60,0.345144052,9.70E-06
P12,4/2/18 23:00,60,0.320936773,5.14E-06
P12,4/3/18 0:00,60,0.403202841,2.88E-05
P12,4/3/18 1:00,60,0.546072007,9.96E-05
P12,4/3/18 2:00,60,0.439752534,1.82E-05
P12,4/3/18 3:00,60,0.516860173,3.96E-05
P12,4/3/18 4:00,60,0.570961644,0.000146913
P12,4/3/18 5:00,60,0.697450593,0.00010644
P12,4/3/18 6:00,60,0.432353516,3.66E-05
P12,4/3/18 7:00,60,0.953880339,0.000451979
P12,4/3/18 8:00,60,0.741652312,0.000207093
P12,4/3/18 9:00,60,0.720032394,0.000139879
P12,4/3/18 10:00,60,1.574161423,0.000841875
P12,4/3/18 11:00,60,2.488804712,0.000578869
P12,4/3/18 12:00,60,1.248530335,0.000457978
P12,4/3/18 13:00,60,6.479776155,0.002878335
P12,4/3/18 14:00,60,2.356375139,0.000464545
P12,4/3/18 15:00,60,3.630925916,0.001663296
P12,4/3/18 16:00,60,2.231591699,0.001337658
P12,4/3/18 17:00,60,1.339818879,0.000742962
P12,4/3/18 18:00,60,0.325242493,8.77E-05
P12,4/3/18 19:00,60,0.30225963,6.98E-05
P12,4/3/18 20:00,60,0.221833032,1.81E-09
P12,4/3/18 21:00,60,0.221466493,2.50E-09
P12,4/3/18 22:00,60,0.218738319,1.75E-09
P12,4/3/18 23:00,60,0.216992572,2.48E-09
P12,4/4/18 0:00,60,0.215637791,1.68E-09
P12,4/4/18 1:00,60,0.213655443,2.65E-09
P12,4/4/18 2:00,60,0.212369846,1.72E-09
P12,4/4/18 3:00,60,0.211436235,1.20E-09
P12,4/4/18 4:00,60,0.210689217,1.44E-09
P12,4/4/18 5:00,60,0.210503996,1.69E-09
P12,4/4/18 6:00,60,0.209418563,1.88E-09
P12,4/4/18 7:00,60,0.208935505,1.38E-09
P12,4/4/18 8:00,60,0.209047436,2.25E-09
P12,4/4/18 9:00,60,0.209128318,1.32E-09
P12,4/4/18 10:00,60,0.209490511,1.92E-09
P12,4/4/18 11:00,60,0.209162313,1.62E-09
P12,4/4/18 12:00,60,0.827547502,0.000837141
P12,4/4/18 13:00,60,4.402938732,0.014705032
P12,4/4/18 14:00,47,1.261707641,0.005015656
P13,4/7/18 14:00,60,4.889072939,0.012398224
P13,4/7/18 15:00,60,4.238947669,0.002695262
P13,4/7/18 16:00,60,4.198590887,0.002378855
P13,4/7/18 17:00,60,4.270270921,0.001616178
P13,4/7/18 18:00,60,4.556922381,0.00479247
P13,4/7/18 19:00,60,3.411121817,0.003430966
P13,4/7/18 20:00,60,0.971557906,0.000395761
P13,4/7/18 21:00,60,0.722524094,2.67E-05
P13,4/7/18 22:00,60,0.865549195,0.000138652
P13,4/7/18 23:00,60,0.941471174,0.000119861
P13,4/8/18 0:00,60,0.994914148,0.000135249
P13,4/8/18 1:00,60,1.003635489,0.000160855
P13,4/8/18 2:00,60,1.154194798,0.000215552
P13,4/8/18 3:00,60,1.249924676,0.000182228
P13,4/8/18 4:00,60,1.289708106,0.000641721
P13,4/8/18 5:00,60,1.208076241,0.00056375
P13,4/8/18 6:00,60,1.119399152,0.000168343
P13,4/8/18 7:00,60,1.414002473,0.000233048
P13,4/8/18 8:00,60,2.973739336,0.001288792
P13,4/8/18 9:00,60,2.990624249,0.000894413
P13,4/8/18 10:00,60,3.628686979,0.001387158
P13,4/8/18 11:00,60,3.250685061,0.000489009
P13,4/8/18 12:00,60,4.319150006,0.001087627
P13,4/8/18 13:00,60,3.346449652,0.002168451
P13,4/8/18 14:00,60,3.802810147,0.002602284
P13,4/8/18 15:00,60,3.985731659,0.001254733
P13,4/8/18 16:00,60,2.833712912,0.001586823
P13,4/8/18 17:00,60,4.137860135,0.003756604
P13,4/8/18 18:00,60,4.582838333,0.002210632
P13,4/8/18 19:00,60,4.346643284,0.002966143
P13,4/8/18 20:00,60,0.677756284,4.92E-05
P13,4/8/18 21:00,60,0.614959725,1.43E-05
P13,4/8/18 22:00,60,0.601483069,3.89E-05
P13,4/8/18 23:00,60,0.820964309,4.78E-05
P13,4/9/18 0:00,60,1.148820536,0.000277249
P13,4/9/18 1:00,60,0.734092413,0.00014346
P13,4/9/18 2:00,60,0.885890146,7.10E-05
P13,4/9/18 3:00,60,2.402993803,0.001841155
P13,4/9/18 4:00,60,1.424682831,0.00072217
P13,4/9/18 5:00,60,0.923296949,0.000313268
P13,4/9/18 6:00,60,1.335051309,0.000844591
P13,4/9/18 7:00,60,0.988055828,0.000540281
P13,4/9/18 8:00,60,3.243472233,0.001431044
P13,4/9/18 9:00,60,2.557792756,0.001247089
P13,4/9/18 10:00,60,2.638733443,0.000885851
P13,4/9/18 11:00,60,2.465233052,0.001608093
P13,4/9/18 12:00,60,0.240868766,1.77E-05
P13,4/9/18 13:00,60,1.793855511,0.000938071
P13,4/9/18 14:00,9,1.366027446,0.011207999
P13,4/7/18 14:00,60,4.889072939,0.012398224
P13,4/7/18 15:00,60,4.238947669,0.002695262
P13,4/7/18 16:00,60,4.198590887,0.002378855
P13,4/7/18 17:00,60,4.270270921,0.001616178
P13,4/7/18 18:00,60,4.556922381,0.00479247
P13,4/7/18 19:00,60,3.411121817,0.003430966
P13,4/7/18 20:00,60,0.971557906,0.000395761
P13,4/7/18 21:00,60,0.722524094,2.67E-05
P13,4/7/18 22:00,60,0.865549195,0.000138652
P13,4/7/18 23:00,60,0.941471174,0.000119861
P13,4/8/18 0:00,60,0.994914148,0.000135249
P13,4/8/18 1:00,60,1.003635489,0.000160855
P13,4/8/18 2:00,60,1.154194798,0.000215552
P13,4/8/18 3:00,60,1.249924676,0.000182228
P13,4/8/18 4:00,60,1.289708106,0.000641721
P13,4/8/18 5:00,60,1.208076241,0.00056375
P13,4/8/18 6:00,60,1.119399152,0.000168343
P13,4/8/18 7:00,60,1.414002473,0.000233048
P13,4/8/18 8:00,60,2.973739336,0.001288792
P13,4/8/18 9:00,60,2.990624249,0.000894413
P13,4/8/18 10:00,60,3.628686979,0.001387158
P13,4/8/18 11:00,60,3.250685061,0.000489009
P13,4/8/18 12:00,60,4.319150006,0.001087627
P13,4/8/18 13:00,60,3.346449652,0.002168451
P13,4/8/18 14:00,60,3.802810147,0.002602284
P13,4/8/18 15:00,60,3.985731659,0.001254733
P13,4/8/18 16:00,60,2.833712912,0.001586823
P13,4/8/18 17:00,60,4.137860135,0.003756604
P13,4/8/18 18:00,60,4.582838333,0.002210632
P13,4/8/18 19:00,60,4.346643284,0.002966143
P13,4/8/18 20:00,60,0.677756284,4.92E-05
P13,4/8/18 21:00,60,0.614959725,1.43E-05
P13,4/8/18 22:00,60,0.601483069,3.89E-05
P13,4/8/18 23:00,60,0.820964309,4.78E-05
P13,4/9/18 0:00,60,1.148820536,0.000277249
P13,4/9/18 1:00,60,0.734092413,0.00014346
P13,4/9/18 2:00,60,0.885890146,7.10E-05
P13,4/9/18 3:00,60,2.402993803,0.001841155
P13,4/9/18 4:00,60,1.424682831,0.00072217
P13,4/9/18 5:00,60,0.923296949,0.000313268
P13,4/9/18 6:00,60,1.335051309,0.000844591
P13,4/9/18 7:00,60,0.988055828,0.000540281
P13,4/9/18 8:00,60,3.243472233,0.001431044
P13,4/9/18 9:00,60,2.557792756,0.001247089
P13,4/9/18 10:00,60,2.638733443,0.000885851
P13,4/9/18 11:00,60,2.465233052,0.001608093
P13,4/9/18 12:00,60,0.240868766,1.77E-05
P13,4/9/18 13:00,60,1.793855511,0.000938071
P13,4/9/18 14:00,9,1.366027446,0.011207999
P14,4/13/18 15:00,60,3.919140769,0.007569258
P14,4/13/18 16:00,60,3.933716796,0.008816368
P14,4/13/18 17:00,60,0.250198931,6.80E-08
P14,4/13/18 18:00,60,0.246421755,1.42E-06
P14,4/13/18 19:00,60,0.220264412,8.61E-07
P14,4/13/18 20:00,60,0.247097465,9.86E-09
P14,4/13/18 21:00,60,0.245972738,2.03E-09
P14,4/13/18 22:00,60,0.246010776,2.83E-09
P14,4/13/18 23:00,60,0.245720017,2.50E-09
P14,4/14/18 0:00,60,0.245522917,2.14E-09
P14,4/14/18 1:00,60,0.244448222,3.46E-09
P14,4/14/18 2:00,60,0.2447963,3.50E-09
P14,4/14/18 3:00,60,0.244811537,1.93E-09
P14,4/14/18 4:00,60,0.244264066,2.07E-09
P14,4/14/18 5:00,60,0.244246548,1.68E-09
P14,4/14/18 6:00,60,0.244252287,3.23E-09
P14,4/14/18 7:00,60,0.317848748,0.000119304
P14,4/14/18 8:00,60,0.194069369,1.77E-09
P14,4/14/18 9:00,60,0.194631485,1.36E-09
P14,4/14/18 10:00,60,0.194990793,1.39E-09
P14,4/14/18 11:00,60,0.279884012,2.06E-05
P14,4/14/18 12:00,60,0.283828309,2.14E-05
P14,4/14/18 13:00,60,0.219384798,1.60E-07
P14,4/14/18 14:00,60,0.244916714,8.92E-07
P14,4/14/18 15:00,60,0.240528488,6.15E-07
P14,4/14/18 16:00,60,0.496938359,0.000368058
P14,4/14/18 17:00,60,0.320363457,0.000116788
P14,4/14/18 18:00,60,0.211204314,1.53E-09
P14,4/14/18 19:00,60,0.211616269,1.66E-09
P14,4/14/18 20:00,60,0.500529334,5.18E-06
P14,4/14/18 21:00,60,0.536889327,7.80E-05
P14,4/14/18 22:00,60,0.212204159,1.58E-09
P14,4/14/18 23:00,60,0.211302439,1.59E-09
P14,4/15/18 0:00,60,0.21125151,1.63E-09
P14,4/15/18 1:00,60,0.21149794,1.61E-09
P14,4/15/18 2:00,60,0.211433662,1.55E-09
P14,4/15/18 3:00,60,0.211540876,1.24E-09
P14,4/15/18 4:00,60,0.211793011,1.74E-09
P14,4/15/18 5:00,60,0.211645516,1.59E-09
P14,4/15/18 6:00,60,0.212298957,1.63E-09
P14,4/15/18 7:00,60,0.211698616,1.93E-09
P14,4/15/18 8:00,60,0.212747292,1.64E-09
P14,4/15/18 9:00,60,0.213538147,1.73E-08
P14,4/15/18 10:00,60,0.211627148,1.56E-09
P14,4/15/18 11:00,60,0.212331642,1.59E-09
P14,4/15/18 12:00,60,0.212841818,1.30E-08
P14,4/15/18 13:00,60,0.210936709,1.54E-09
P14,4/15/18 14:00,60,0.318120418,4.42E-05
P14,4/15/18 15:00,60,0.208413305,2.06E-09
P14,4/15/18 16:00,60,0.208899725,2.48E-08
P14,4/15/18 17:00,60,0.208990331,2.68E-08
P14,4/15/18 18:00,60,0.207198809,1.97E-09
P14,4/15/18 19:00,60,0.280587079,8.70E-05
P14,4/15/18 20:00,60,0.209182747,1.42E-09
P14,4/15/18 21:00,60,0.209219341,1.40E-09
P14,4/15/18 22:00,60,0.209175697,1.60E-09
P14,4/15/18 23:00,60,0.209716918,1.67E-09
P14,4/16/18 0:00,60,0.207669116,1.55E-09
P14,4/16/18 1:00,60,0.207385627,9.58E-10
P14,4/16/18 2:00,60,0.20720391,1.41E-09
P14,4/16/18 3:00,60,0.206985842,1.44E-09
P14,4/16/18 4:00,60,0.206604041,1.25E-09
P14,4/16/18 5:00,60,0.206870671,1.02E-09
P14,4/16/18 6:00,60,0.206830745,1.97E-09
P14,4/16/18 7:00,60,0.207515227,1.78E-09
P14,4/16/18 8:00,60,0.751547588,0.000216823
P14,4/16/18 9:00,60,0.981174144,0.001053746
P14,4/16/18 10:00,60,0.209137503,7.93E-09
P14,4/16/18 11:00,60,0.203374531,9.25E-08
P14,4/16/18 12:00,60,0.195743697,3.00E-08
P14,4/16/18 13:00,60,0.194506059,1.10E-08
P14,4/16/18 14:00,59,0.272625822,8.62E-05
P14,4/13/18 15:00,60,3.919140769,0.007569258
P14,4/13/18 16:00,60,3.933716796,0.008816368
P14,4/13/18 17:00,60,0.250198931,6.80E-08
P14,4/13/18 18:00,60,0.246421755,1.42E-06
P14,4/13/18 19:00,60,0.220264412,8.61E-07
P14,4/13/18 20:00,60,0.247097465,9.86E-09
P14,4/13/18 21:00,60,0.245972738,2.03E-09
P14,4/13/18 22:00,60,0.246010776,2.83E-09
P14,4/13/18 23:00,60,0.245720017,2.50E-09
P14,4/14/18 0:00,60,0.245522917,2.14E-09
P14,4/14/18 1:00,60,0.244448222,3.46E-09
P14,4/14/18 2:00,60,0.2447963,3.50E-09
P14,4/14/18 3:00,60,0.244811537,1.93E-09
P14,4/14/18 4:00,60,0.244264066,2.07E-09
P14,4/14/18 5:00,60,0.244246548,1.68E-09
P14,4/14/18 6:00,60,0.244252287,3.23E-09
P14,4/14/18 7:00,60,0.317848748,0.000119304
P14,4/14/18 8:00,60,0.194069369,1.77E-09
P14,4/14/18 9:00,60,0.194631485,1.36E-09
P14,4/14/18 10:00,60,0.194990793,1.39E-09
P14,4/14/18 11:00,60,0.279884012,2.06E-05
P14,4/14/18 12:00,60,0.283828309,2.14E-05
P14,4/14/18 13:00,60,0.219384798,1.60E-07
P14,4/14/18 14:00,60,0.244916714,8.92E-07
P14,4/14/18 15:00,60,0.240528488,6.15E-07
P14,4/14/18 16:00,60,0.496938359,0.000368058
P14,4/14/18 17:00,60,0.320363457,0.000116788
P14,4/14/18 18:00,60,0.211204314,1.53E-09
P14,4/14/18 19:00,60,0.211616269,1.66E-09
P14,4/14/18 20:00,60,0.500529334,5.18E-06
P14,4/14/18 21:00,60,0.536889327,7.80E-05
P14,4/14/18 22:00,60,0.212204159,1.58E-09
P14,4/14/18 23:00,60,0.211302439,1.59E-09
P14,4/15/18 0:00,60,0.21125151,1.63E-09
P14,4/15/18 1:00,60,0.21149794,1.61E-09
P14,4/15/18 2:00,60,0.211433662,1.55E-09
P14,4/15/18 3:00,60,0.211540876,1.24E-09
P14,4/15/18 4:00,60,0.211793011,1.74E-09
P14,4/15/18 5:00,60,0.211645516,1.59E-09
P14,4/15/18 6:00,60,0.212298957,1.63E-09
P14,4/15/18 7:00,60,0.211698616,1.93E-09
P14,4/15/18 8:00,60,0.212747292,1.64E-09
P14,4/15/18 9:00,60,0.213538147,1.73E-08
P14,4/15/18 10:00,60,0.211627148,1.56E-09
P14,4/15/18 11:00,60,0.212331642,1.59E-09
P14,4/15/18 12:00,60,0.212841818,1.30E-08
P14,4/15/18 13:00,60,0.210936709,1.54E-09
P14,4/15/18 14:00,60,0.318120418,4.42E-05
P14,4/15/18 15:00,60,0.208413305,2.06E-09
P14,4/15/18 16:00,60,0.208899725,2.48E-08
P14,4/15/18 17:00,60,0.208990331,2.68E-08
P14,4/15/18 18:00,60,0.207198809,1.97E-09
P14,4/15/18 19:00,60,0.280587079,8.70E-05
P14,4/15/18 20:00,60,0.209182747,1.42E-09
P14,4/15/18 21:00,60,0.209219341,1.40E-09
P14,4/15/18 22:00,60,0.209175697,1.60E-09
P14,4/15/18 23:00,60,0.209716918,1.67E-09
P14,4/16/18 0:00,60,0.207669116,1.55E-09
P14,4/16/18 1:00,60,0.207385627,9.58E-10
P14,4/16/18 2:00,60,0.20720391,1.41E-09
P14,4/16/18 3:00,60,0.206985842,1.44E-09
P14,4/16/18 4:00,60,0.206604041,1.25E-09
P14,4/16/18 5:00,60,0.206870671,1.02E-09
P14,4/16/18 6:00,60,0.206830745,1.97E-09
P14,4/16/18 7:00,60,0.207515227,1.78E-09
P14,4/16/18 8:00,60,0.751547588,0.000216823
P14,4/16/18 9:00,60,0.981174144,0.001053746
P14,4/16/18 10:00,60,0.209137503,7.93E-09
P14,4/16/18 11:00,60,0.203374531,9.25E-08
P14,4/16/18 12:00,60,0.195743697,3.00E-08
P14,4/16/18 13:00,60,0.194506059,1.10E-08
P14,4/16/18 14:00,59,0.272625822,8.62E-05
P15,6/23/18 9:00,60,0.217698881,2.42E-06
P15,6/23/18 10:00,60,0.205480465,1.79E-09
P15,6/23/18 11:00,60,0.204910226,1.69E-09
P15,6/23/18 12:00,60,0.203170442,2.14E-09
P15,6/23/18 13:00,60,0.203585589,1.46E-09
P15,6/23/18 14:00,60,0.203813078,3.86E-08
P15,6/23/18 15:00,60,0.20310191,1.54E-09
P15,6/23/18 16:00,60,0.20338597,1.62E-09
P15,6/23/18 17:00,60,0.203874656,9.28E-10
P15,6/23/18 18:00,60,0.204404167,1.91E-09
P15,6/23/18 19:00,60,0.205925614,2.57E-09
P15,6/23/18 20:00,60,0.207350591,1.61E-09
P15,6/23/18 21:00,60,0.208554732,4.13E-08
P15,6/23/18 22:00,60,0.202173732,2.60E-09
P15,6/23/18 23:00,60,0.204617107,1.63E-07
P15,6/24/18 0:00,60,0.200675188,2.16E-09
P15,6/24/18 1:00,60,0.202449385,1.68E-09
P15,6/24/18 2:00,60,0.203316877,4.01E-09
P15,6/24/18 3:00,60,0.203343054,2.33E-09
P15,6/24/18 4:00,60,0.201672598,1.59E-09
P15,6/24/18 5:00,60,0.199885513,1.13E-09
P15,6/24/18 6:00,60,0.199726018,1.11E-09
P15,6/24/18 7:00,60,0.200008167,1.55E-09
P15,6/24/18 8:00,60,0.266541173,5.36E-05
P15,6/24/18 9:00,60,0.202331303,3.07E-09
P15,6/24/18 10:00,60,0.201368029,3.68E-09
P15,6/24/18 11:00,60,0.338054731,0.000157389
P15,6/24/18 12:00,60,4.800085066,0.005824695
P15,6/24/18 13:00,60,3.636503536,0.002158148
P15,6/24/18 14:00,60,2.595201354,0.000595451
P15,6/24/18 15:00,60,3.531318647,0.000785867
P15,6/24/18 16:00,60,2.121789215,0.00259488
P15,6/24/18 17:00,60,5.314669241,0.002204597
P15,6/24/18 18:00,60,1.752125586,0.001669974
P15,6/24/18 19:00,60,0.704674501,0.00229222
P15,6/24/18 20:00,60,0.209139669,1.08E-09
P15,6/24/18 21:00,60,0.209996583,1.32E-09
P15,6/24/18 22:00,60,0.209241669,1.50E-09
P15,6/24/18 23:00,60,0.20969486,1.06E-09
P15,6/25/18 0:00,60,0.209957077,1.30E-09
P15,6/25/18 1:00,60,0.209387621,1.34E-09
P15,6/25/18 2:00,60,0.209099395,1.63E-09
P15,6/25/18 3:00,60,0.20941398,1.65E-09
P15,6/25/18 4:00,60,0.20939652,9.64E-10
P15,6/25/18 5:00,60,0.209557519,1.60E-09
P15,6/25/18 6:00,60,0.209701947,1.21E-09
P15,6/25/18 7:00,60,0.209591159,1.32E-09
P15,6/25/18 8:00,60,0.209210834,1.64E-09
P15,6/25/18 9:00,60,0.209487673,1.23E-09
P15,6/25/18 10:00,60,0.209467633,3.94E-09
P15,6/25/18 11:00,60,0.209484586,1.66E-09
P15,6/25/18 12:00,60,0.20902264,1.45E-09
P15,6/25/18 13:00,60,0.208918946,1.75E-09
P15,6/25/18 14:00,60,0.209329497,1.55E-09
P15,6/25/18 15:00,60,0.208463813,1.36E-09
P15,6/25/18 16:00,60,0.208775259,1.29E-09
P15,6/25/18 17:00,60,0.209127799,1.47E-09
P15,6/25/18 18:00,60,0.208695485,1.77E-09
P15,6/25/18 19:00,60,0.208588124,1.28E-09
P15,6/25/18 20:00,60,0.209134712,1.71E-09
P15,6/25/18 21:00,60,0.208656681,1.40E-09
P15,6/25/18 22:00,60,0.209009794,1.82E-09
P15,6/25/18 23:00,60,0.20879183,1.29E-09
P15,6/26/18 0:00,60,0.208869966,1.92E-09
P15,6/26/18 1:00,60,0.208829293,1.80E-09
P15,6/26/18 2:00,60,0.208665555,1.54E-09
P15,6/26/18 3:00,60,0.209505117,3.62E-09
P15,6/26/18 4:00,60,0.208888715,1.42E-09
P15,6/26/18 5:00,60,0.208177487,1.39E-09
P15,6/26/18 6:00,60,0.208280272,1.20E-09
P15,6/26/18 7:00,60,0.20906994,1.19E-09
P15,6/26/18 8:00,60,0.208685244,1.39E-09
P15,6/26/18 9:00,60,0.208315703,1.29E-09
P15,6/26/18 10:00,60,0.208718308,1.57E-09
P15,6/26/18 11:00,60,0.208853721,1.42E-09
P15,6/26/18 12:00,60,0.208398973,1.41E-09
P15,6/26/18 13:00,60,0.208771646,2.02E-09
P15,6/26/18 14:00,60,0.209017933,1.69E-09
P15,6/26/18 15:00,60,0.208729472,1.60E-09
P15,6/26/18 16:00,60,0.208678068,1.25E-09
P15,6/26/18 17:00,60,0.208258471,1.72E-09
P15,6/26/18 18:00,60,0.208652385,2.04E-09
P15,6/26/18 19:00,60,0.208450229,1.71E-09
P15,6/26/18 20:00,60,0.208501481,1.25E-09
P15,6/26/18 21:00,60,0.208871306,1.08E-09
P15,6/26/18 22:00,60,0.208593033,1.87E-09
P15,6/26/18 23:00,60,0.207647375,1.52E-09
P15,6/27/18 0:00,60,0.207970437,1.87E-09
P15,6/27/18 1:00,60,0.20834782,1.61E-09
P15,6/27/18 2:00,60,0.208089204,1.66E-09
P15,6/27/18 3:00,60,0.208386922,1.13E-09
P15,6/27/18 4:00,60,0.208129862,1.28E-09
P15,6/27/18 5:00,60,0.208745075,1.75E-09
P15,6/27/18 6:00,60,0.207998748,1.34E-09
P15,6/27/18 7:00,60,0.208440794,1.19E-09
P15,6/27/18 8:00,60,0.208150142,1.21E-09
P15,6/27/18 9:00,60,0.208097974,1.33E-09
P15,6/27/18 10:00,60,0.207978483,1.34E-09
P15,6/27/18 11:00,60,0.208867876,1.88E-09
P15,6/27/18 12:00,60,0.208528738,1.64E-09
P15,6/27/18 13:00,60,0.207963192,1.55E-09
P15,6/27/18 14:00,60,0.208384815,1.25E-09
P15,6/27/18 15:00,60,0.207535192,1.74E-09
P15,6/27/18 16:00,60,0.208333845,1.31E-09
P15,6/27/18 17:00,60,0.207620545,1.34E-09
P15,6/27/18 18:00,60,0.208431412,1.39E-09
P15,6/27/18 19:00,60,0.208626146,1.32E-09
P15,6/27/18 20:00,60,0.207901697,1.40E-09
P15,6/27/18 21:00,60,0.208089039,1.72E-09
P15,6/27/18 22:00,60,0.207418498,1.71E-09
P15,6/27/18 23:00,60,0.207905376,1.78E-09
P15,6/28/18 0:00,60,0.207459051,2.12E-09
P15,6/28/18 1:00,60,0.20741595,2.03E-09
P15,6/28/18 2:00,60,0.206713847,1.57E-09
P15,6/28/18 3:00,60,0.207284441,1.45E-09
P15,6/28/18 4:00,60,0.206769739,1.63E-09
P15,6/28/18 5:00,60,0.207366985,1.70E-09
P15,6/28/18 6:00,60,0.20726282,1.48E-09
P15,6/28/18 7:00,60,2.294629083,0.002281719
P15,6/28/18 8:00,60,3.162106002,0.002274713
P15,6/28/18 9:00,60,0.479782852,5.03E-05
P15,6/28/18 10:00,60,1.067732921,0.001040391
P15,6/28/18 11:00,60,2.40233485,0.002715039
P15,6/28/18 12:00,60,0.219330942,2.12E-06
P15,6/28/18 13:00,60,0.206078141,1.13E-09
P15,6/28/18 14:00,60,1.229571946,0.001854125
P15,6/28/18 15:00,60,0.211265228,5.22E-08
P15,6/28/18 16:00,60,0.205845439,9.72E-10
P15,6/28/18 17:00,60,0.204808175,1.42E-09
P15,6/28/18 18:00,60,0.785907428,0.000384015
P15,6/28/18 19:00,60,0.473307738,0.000164297
P15,6/28/18 20:00,60,0.212395321,1.82E-09
P15,6/28/18 21:00,60,0.212599032,2.04E-09
P15,6/28/18 22:00,60,0.212275341,1.43E-09
P15,6/28/18 23:00,60,0.99765558,0.000510084
P15,6/29/18 0:00,60,0.201875113,1.60E-09
P15,6/29/18 1:00,60,0.202602961,1.52E-09
P15,6/29/18 2:00,60,0.202246741,1.74E-09
P15,6/29/18 3:00,60,0.202093981,1.66E-09
P15,6/29/18 4:00,60,0.201411163,1.83E-09
P15,6/29/18 5:00,60,0.200862854,1.45E-09
P15,6/29/18 6:00,60,0.200437623,1.80E-09
P15,6/29/18 7:00,60,0.201164189,1.59E-09
P15,6/29/18 8:00,60,0.199844861,1.29E-09
P15,6/29/18 9:00,60,1.353987485,0.000423342
P15,6/29/18 10:00,60,5.380559412,0.020631314
P15,6/29/18 11:00,60,0.20889559,1.71E-09
P15,6/29/18 12:00,60,0.217958339,1.21E-06
P15,6/29/18 13:00,60,0.208491719,1.61E-09
P15,6/29/18 14:00,60,0.210136784,2.42E-09
P15,6/29/18 15:00,60,0.212989324,1.64E-09
P15,6/29/18 16:00,60,0.229289266,1.33E-05
P15,6/29/18 17:00,60,0.197660108,1.83E-09
P15,6/29/18 18:00,60,0.209881837,1.48E-06
P15,6/29/18 19:00,60,0.209730948,1.90E-09
P15,6/29/18 20:00,60,0.208220564,2.11E-09
P15,6/29/18 21:00,60,0.206955369,1.73E-09
P15,6/29/18 22:00,60,0.204259298,1.27E-09
P15,6/29/18 23:00,60,0.20452322,1.16E-09
P15,6/30/18 0:00,60,0.204034044,2.03E-09
P15,6/30/18 1:00,60,0.204593279,1.88E-09
P15,6/30/18 2:00,60,0.204451803,1.40E-09
P15,6/30/18 3:00,60,0.203494149,2.01E-09
P15,6/30/18 4:00,60,0.203865953,1.72E-09
P15,6/30/18 5:00,60,0.204057424,1.67E-09
P15,6/30/18 6:00,60,0.203732222,1.34E-09
P15,6/30/18 7:00,60,0.206202776,3.02E-09
P15,6/30/18 8:00,60,0.205518681,1.84E-09
P15,6/30/18 9:00,60,0.205493643,1.92E-09
P15,6/30/18 10:00,60,0.205908629,1.43E-09
P15,6/30/18 11:00,60,0.205964405,2.38E-09
P15,6/30/18 12:00,60,0.2060725,2.46E-09
P15,6/30/18 13:00,60,0.209005348,3.33E-09
P15,6/30/18 14:00,60,0.209367591,1.57E-09
P15,6/30/18 15:00,60,0.207651563,1.53E-09
P15,6/30/18 16:00,60,0.206579765,1.89E-09
P15,6/30/18 17:00,60,0.209876911,8.80E-09
P15,6/30/18 18:00,60,0.210577566,1.95E-09
P15,6/30/18 19:00,60,0.209105652,2.52E-09
P15,6/30/18 20:00,60,0.208342777,2.15E-09
P15,6/30/18 21:00,60,0.208003197,1.70E-09
P15,6/30/18 22:00,60,0.208642955,1.83E-09
P15,6/30/18 23:00,60,0.207642432,2.14E-09
P15,7/1/18 0:00,60,0.206628761,1.71E-09
P15,7/1/18 1:00,60,0.20653805,2.11E-09
P15,7/1/18 2:00,60,0.20583459,1.88E-09
P15,7/1/18 3:00,60,0.204888223,1.74E-09
P15,7/1/18 4:00,60,0.204529629,1.20E-09
P15,7/1/18 5:00,60,0.204693173,1.51E-09
P15,7/1/18 6:00,60,0.204607193,1.26E-09
P15,7/1/18 7:00,60,0.204846672,1.25E-09
P15,7/1/18 8:00,59,0.203681823,2.16E-09
P15,6/23/18 9:00,60,0.217698881,2.42E-06
P15,6/23/18 10:00,60,0.205480465,1.79E-09
P15,6/23/18 11:00,60,0.204910226,1.69E-09
P15,6/23/18 12:00,60,0.203170442,2.14E-09
P15,6/23/18 13:00,60,0.203585589,1.46E-09
P15,6/23/18 14:00,60,0.203813078,3.86E-08
P15,6/23/18 15:00,60,0.20310191,1.54E-09
P15,6/23/18 16:00,60,0.20338597,1.62E-09
P15,6/23/18 17:00,60,0.203874656,9.28E-10
P15,6/23/18 18:00,60,0.204404167,1.91E-09
P15,6/23/18 19:00,60,0.205925614,2.57E-09
P15,6/23/18 20:00,60,0.207350591,1.61E-09
P15,6/23/18 21:00,60,0.208554732,4.13E-08
P15,6/23/18 22:00,60,0.202173732,2.60E-09
P15,6/23/18 23:00,60,0.204617107,1.63E-07
P15,6/24/18 0:00,60,0.200675188,2.16E-09
P15,6/24/18 1:00,60,0.202449385,1.68E-09
P15,6/24/18 2:00,60,0.203316877,4.01E-09
P15,6/24/18 3:00,60,0.203343054,2.33E-09
P15,6/24/18 4:00,60,0.201672598,1.59E-09
P15,6/24/18 5:00,60,0.199885513,1.13E-09
P15,6/24/18 6:00,60,0.199726018,1.11E-09
P15,6/24/18 7:00,60,0.200008167,1.55E-09
P15,6/24/18 8:00,60,0.266541173,5.36E-05
P15,6/24/18 9:00,60,0.202331303,3.07E-09
P15,6/24/18 10:00,60,0.201368029,3.68E-09
P15,6/24/18 11:00,60,0.338054731,0.000157389
P15,6/24/18 12:00,60,4.800085066,0.005824695
P15,6/24/18 13:00,60,3.636503536,0.002158148
P15,6/24/18 14:00,60,2.595201354,0.000595451
P15,6/24/18 15:00,60,3.531318647,0.000785867
P15,6/24/18 16:00,60,2.121789215,0.00259488
P15,6/24/18 17:00,60,5.314669241,0.002204597
P15,6/24/18 18:00,60,1.752125586,0.001669974
P15,6/24/18 19:00,60,0.704674501,0.00229222
P15,6/24/18 20:00,60,0.209139669,1.08E-09
P15,6/24/18 21:00,60,0.209996583,1.32E-09
P15,6/24/18 22:00,60,0.209241669,1.50E-09
P15,6/24/18 23:00,60,0.20969486,1.06E-09
P15,6/25/18 0:00,60,0.209957077,1.30E-09
P15,6/25/18 1:00,60,0.209387621,1.34E-09
P15,6/25/18 2:00,60,0.209099395,1.63E-09
P15,6/25/18 3:00,60,0.20941398,1.65E-09
P15,6/25/18 4:00,60,0.20939652,9.64E-10
P15,6/25/18 5:00,60,0.209557519,1.60E-09
P15,6/25/18 6:00,60,0.209701947,1.21E-09
P15,6/25/18 7:00,60,0.209591159,1.32E-09
P15,6/25/18 8:00,60,0.209210834,1.64E-09
P15,6/25/18 9:00,60,0.209487673,1.23E-09
P15,6/25/18 10:00,60,0.209467633,3.94E-09
P15,6/25/18 11:00,60,0.209484586,1.66E-09
P15,6/25/18 12:00,60,0.20902264,1.45E-09
P15,6/25/18 13:00,60,0.208918946,1.75E-09
P15,6/25/18 14:00,60,0.209329497,1.55E-09
P15,6/25/18 15:00,60,0.208463813,1.36E-09
P15,6/25/18 16:00,60,0.208775259,1.29E-09
P15,6/25/18 17:00,60,0.209127799,1.47E-09
P15,6/25/18 18:00,60,0.208695485,1.77E-09
P15,6/25/18 19:00,60,0.208588124,1.28E-09
P15,6/25/18 20:00,60,0.209134712,1.71E-09
P15,6/25/18 21:00,60,0.208656681,1.40E-09
P15,6/25/18 22:00,60,0.209009794,1.82E-09
P15,6/25/18 23:00,60,0.20879183,1.29E-09
P15,6/26/18 0:00,60,0.208869966,1.92E-09
P15,6/26/18 1:00,60,0.208829293,1.80E-09
P15,6/26/18 2:00,60,0.208665555,1.54E-09
P15,6/26/18 3:00,60,0.209505117,3.62E-09
P15,6/26/18 4:00,60,0.208888715,1.42E-09
P15,6/26/18 5:00,60,0.208177487,1.39E-09
P15,6/26/18 6:00,60,0.208280272,1.20E-09
P15,6/26/18 7:00,60,0.20906994,1.19E-09
P15,6/26/18 8:00,60,0.208685244,1.39E-09
P15,6/26/18 9:00,60,0.208315703,1.29E-09
P15,6/26/18 10:00,60,0.208718308,1.57E-09
P15,6/26/18 11:00,60,0.208853721,1.42E-09
P15,6/26/18 12:00,60,0.208398973,1.41E-09
P15,6/26/18 13:00,60,0.208771646,2.02E-09
P15,6/26/18 14:00,60,0.209017933,1.69E-09
P15,6/26/18 15:00,60,0.208729472,1.60E-09
P15,6/26/18 16:00,60,0.208678068,1.25E-09
P15,6/26/18 17:00,60,0.208258471,1.72E-09
P15,6/26/18 18:00,60,0.208652385,2.04E-09
P15,6/26/18 19:00,60,0.208450229,1.71E-09
P15,6/26/18 20:00,60,0.208501481,1.25E-09
P15,6/26/18 21:00,60,0.208871306,1.08E-09
P15,6/26/18 22:00,60,0.208593033,1.87E-09
P15,6/26/18 23:00,60,0.207647375,1.52E-09
P15,6/27/18 0:00,60,0.207970437,1.87E-09
P15,6/27/18 1:00,60,0.20834782,1.61E-09
P15,6/27/18 2:00,60,0.208089204,1.66E-09
P15,6/27/18 3:00,60,0.208386922,1.13E-09
P15,6/27/18 4:00,60,0.208129862,1.28E-09
P15,6/27/18 5:00,60,0.208745075,1.75E-09
P15,6/27/18 6:00,60,0.207998748,1.34E-09
P15,6/27/18 7:00,60,0.208440794,1.19E-09
P15,6/27/18 8:00,60,0.208150142,1.21E-09
P15,6/27/18 9:00,60,0.208097974,1.33E-09
P15,6/27/18 10:00,60,0.207978483,1.34E-09
P15,6/27/18 11:00,60,0.208867876,1.88E-09
P15,6/27/18 12:00,60,0.208528738,1.64E-09
P15,6/27/18 13:00,60,0.207963192,1.55E-09
P15,6/27/18 14:00,60,0.208384815,1.25E-09
P15,6/27/18 15:00,60,0.207535192,1.74E-09
P15,6/27/18 16:00,60,0.208333845,1.31E-09
P15,6/27/18 17:00,60,0.207620545,1.34E-09
P15,6/27/18 18:00,60,0.208431412,1.39E-09
P15,6/27/18 19:00,60,0.208626146,1.32E-09
P15,6/27/18 20:00,60,0.207901697,1.40E-09
P15,6/27/18 21:00,60,0.208089039,1.72E-09
P15,6/27/18 22:00,60,0.207418498,1.71E-09
P15,6/27/18 23:00,60,0.207905376,1.78E-09
P15,6/28/18 0:00,60,0.207459051,2.12E-09
P15,6/28/18 1:00,60,0.20741595,2.03E-09
P15,6/28/18 2:00,60,0.206713847,1.57E-09
P15,6/28/18 3:00,60,0.207284441,1.45E-09
P15,6/28/18 4:00,60,0.206769739,1.63E-09
P15,6/28/18 5:00,60,0.207366985,1.70E-09
P15,6/28/18 6:00,60,0.20726282,1.48E-09
P15,6/28/18 7:00,60,2.294629083,0.002281719
P15,6/28/18 8:00,60,3.162106002,0.002274713
P15,6/28/18 9:00,60,0.479782852,5.03E-05
P15,6/28/18 10:00,60,1.067732921,0.001040391
P15,6/28/18 11:00,60,2.40233485,0.002715039
P15,6/28/18 12:00,60,0.219330942,2.12E-06
P15,6/28/18 13:00,60,0.206078141,1.13E-09
P15,6/28/18 14:00,60,1.229571946,0.001854125
P15,6/28/18 15:00,60,0.211265228,5.22E-08
P15,6/28/18 16:00,60,0.205845439,9.72E-10
P15,6/28/18 17:00,60,0.204808175,1.42E-09
P15,6/28/18 18:00,60,0.785907428,0.000384015
P15,6/28/18 19:00,60,0.473307738,0.000164297
P15,6/28/18 20:00,60,0.212395321,1.82E-09
P15,6/28/18 21:00,60,0.212599032,2.04E-09
P15,6/28/18 22:00,60,0.212275341,1.43E-09
P15,6/28/18 23:00,60,0.99765558,0.000510084
P15,6/29/18 0:00,60,0.201875113,1.60E-09
P15,6/29/18 1:00,60,0.202602961,1.52E-09
P15,6/29/18 2:00,60,0.202246741,1.74E-09
P15,6/29/18 3:00,60,0.202093981,1.66E-09
P15,6/29/18 4:00,60,0.201411163,1.83E-09
P15,6/29/18 5:00,60,0.200862854,1.45E-09
P15,6/29/18 6:00,60,0.200437623,1.80E-09
P15,6/29/18 7:00,60,0.201164189,1.59E-09
P15,6/29/18 8:00,60,0.199844861,1.29E-09
P15,6/29/18 9:00,60,1.353987485,0.000423342
P15,6/29/18 10:00,60,5.380559412,0.020631314
P15,6/29/18 11:00,60,0.20889559,1.71E-09
P15,6/29/18 12:00,60,0.217958339,1.21E-06
P15,6/29/18 13:00,60,0.208491719,1.61E-09
P15,6/29/18 14:00,60,0.210136784,2.42E-09
P15,6/29/18 15:00,60,0.212989324,1.64E-09
P15,6/29/18 16:00,60,0.229289266,1.33E-05
P15,6/29/18 17:00,60,0.197660108,1.83E-09
P15,6/29/18 18:00,60,0.209881837,1.48E-06
P15,6/29/18 19:00,60,0.209730948,1.90E-09
P15,6/29/18 20:00,60,0.208220564,2.11E-09
P15,6/29/18 21:00,60,0.206955369,1.73E-09
P15,6/29/18 22:00,60,0.204259298,1.27E-09
P15,6/29/18 23:00,60,0.20452322,1.16E-09
P15,6/30/18 0:00,60,0.204034044,2.03E-09
P15,6/30/18 1:00,60,0.204593279,1.88E-09
P15,6/30/18 2:00,60,0.204451803,1.40E-09
P15,6/30/18 3:00,60,0.203494149,2.01E-09
P15,6/30/18 4:00,60,0.203865953,1.72E-09
P15,6/30/18 5:00,60,0.204057424,1.67E-09
P15,6/30/18 6:00,60,0.203732222,1.34E-09
P15,6/30/18 7:00,60,0.206202776,3.02E-09
P15,6/30/18 8:00,60,0.205518681,1.84E-09
P15,6/30/18 9:00,60,0.205493643,1.92E-09
P15,6/30/18 10:00,60,0.205908629,1.43E-09
P15,6/30/18 11:00,60,0.205964405,2.38E-09
P15,6/30/18 12:00,60,0.2060725,2.46E-09
P15,6/30/18 13:00,60,0.209005348,3.33E-09
P15,6/30/18 14:00,60,0.209367591,1.57E-09
P15,6/30/18 15:00,60,0.207651563,1.53E-09
P15,6/30/18 16:00,60,0.206579765,1.89E-09
P15,6/30/18 17:00,60,0.209876911,8.80E-09
P15,6/30/18 18:00,60,0.210577566,1.95E-09
P15,6/30/18 19:00,60,0.209105652,2.52E-09
P15,6/30/18 20:00,60,0.208342777,2.15E-09
P15,6/30/18 21:00,60,0.208003197,1.70E-09
P15,6/30/18 22:00,60,0.208642955,1.83E-09
P15,6/30/18 23:00,60,0.207642432,2.14E-09
P15,7/1/18 0:00,60,0.206628761,1.71E-09
P15,7/1/18 1:00,60,0.20653805,2.11E-09
P15,7/1/18 2:00,60,0.20583459,1.88E-09
P15,7/1/18 3:00,60,0.204888223,1.74E-09
P15,7/1/18 4:00,60,0.204529629,1.20E-09
P15,7/1/18 5:00,60,0.204693173,1.51E-09
P15,7/1/18 6:00,60,0.204607193,1.26E-09
P15,7/1/18 7:00,60,0.204846672,1.25E-09
P15,7/1/18 8:00,59,0.203681823,2.16E-09
P16,4/20/18 16:00,60,7.663717391,0.02100429
P16,4/20/18 17:00,60,5.206563985,0.001155247
P16,4/20/18 18:00,60,2.392375591,0.00121515
P16,4/20/18 19:00,60,4.824460832,0.001694556
P16,4/20/18 20:00,60,1.213915204,0.000295337
P16,4/20/18 21:00,60,0.533754459,3.20E-05
P16,4/20/18 22:00,60,0.853953804,0.000245746
P16,4/20/18 23:00,60,1.134613977,0.000501004
P16,4/21/18 0:00,60,0.856010161,0.000142623
P16,4/21/18 1:00,60,0.867905885,0.000630723
P16,4/21/18 2:00,60,0.61780934,0.000393668
P16,4/21/18 3:00,60,1.064821568,0.0005258
P16,4/21/18 4:00,60,0.940217381,0.000240045
P16,4/21/18 5:00,60,1.16537063,0.000744209
P16,4/21/18 6:00,60,3.61728958,0.001130555
P16,4/21/18 7:00,60,2.82376652,0.001738066
P16,4/21/18 8:00,60,0.712753628,0.000267185
P16,4/21/18 9:00,60,3.611493829,0.001627639
P16,4/21/18 10:00,60,5.045554644,0.002658668
P16,4/21/18 11:00,60,5.829932176,0.002488107
P16,4/21/18 12:00,60,1.179261425,0.000599157
P16,4/21/18 13:00,60,2.207212597,0.000730026
P16,4/21/18 14:00,60,3.048649798,0.00042555
P16,4/21/18 15:00,60,5.694210105,0.002501557
P16,4/21/18 16:00,60,5.409961279,0.003191485
P16,4/21/18 17:00,60,3.622580135,0.000820218
P16,4/21/18 18:00,60,5.743580777,0.002224525
P16,4/21/18 19:00,60,2.697901592,0.002929597
P16,4/21/18 20:00,60,0.705053502,5.59E-05
P16,4/21/18 21:00,60,0.784903233,7.06E-05
P16,4/21/18 22:00,60,0.83553468,9.66E-05
P16,4/21/18 23:00,60,0.84154481,0.000269462
P16,4/22/18 0:00,60,0.952770106,0.000476227
P16,4/22/18 1:00,60,3.674725729,0.000790416
P16,4/22/18 2:00,60,0.579257048,3.50E-05
P16,4/22/18 3:00,60,0.990790411,0.000377194
P16,4/22/18 4:00,60,1.754228443,0.001671893
P16,4/22/18 5:00,60,1.32496747,0.000832308
P16,4/22/18 6:00,60,0.71557049,4.56E-05
P16,4/22/18 7:00,60,0.911340235,0.000342305
P16,4/22/18 8:00,60,4.408428469,0.001530488
P16,4/22/18 9:00,60,4.367600868,0.001492554
P16,4/22/18 10:00,60,5.032257644,0.006161813
P16,4/22/18 11:00,60,2.198138223,0.000458701
P16,4/22/18 12:00,60,2.17229174,0.003201273
P16,4/22/18 13:00,60,0.770778563,0.000221868
P16,4/22/18 14:00,60,0.194592617,1.22E-09
P16,4/22/18 15:00,60,0.197045103,1.29E-09
P16,4/22/18 16:00,60,1.112825972,0.000410674
P16,4/22/18 17:00,60,0.428030555,8.35E-05
P16,4/22/18 18:00,60,0.200474218,1.55E-09
P16,4/22/18 19:00,60,0.20286574,1.38E-09
P16,4/22/18 20:00,60,0.704621226,0.001330839
P16,4/22/18 21:00,60,0.215474299,9.22E-07
P16,4/22/18 22:00,60,0.204252262,1.54E-09
P16,4/22/18 23:00,60,0.203711226,1.42E-09
P16,4/23/18 0:00,60,0.204465501,1.48E-09
P16,4/23/18 1:00,60,0.204466791,2.11E-09
P16,4/23/18 2:00,60,0.204266485,1.64E-09
P16,4/23/18 3:00,60,0.204450108,2.20E-09
P16,4/23/18 4:00,60,0.203854937,1.49E-09
P16,4/23/18 5:00,60,0.203064123,1.44E-09
P16,4/23/18 6:00,60,2.209048305,0.001997125
P16,4/23/18 7:00,60,0.698566574,0.001866398
P16,4/23/18 8:00,60,0.227549001,3.15E-06
P16,4/23/18 9:00,60,0.243597478,8.77E-06
P16,4/23/18 10:00,60,0.223331718,9.82E-08
P16,4/23/18 11:00,60,0.218070054,6.76E-09
P16,4/23/18 12:00,60,0.214472089,2.27E-09
P16,4/23/18 13:00,60,0.21384268,1.06E-08
P16,4/23/18 14:00,60,0.204680581,7.64E-08
P16,4/23/18 15:00,59,0.208118939,1.54E-09
P16,4/20/18 16:00,60,7.663717391,0.02100429
P16,4/20/18 17:00,60,5.206563985,0.001155247
P16,4/20/18 18:00,60,2.392375591,0.00121515
P16,4/20/18 19:00,60,4.824460832,0.001694556
P16,4/20/18 20:00,60,1.213915204,0.000295337
P16,4/20/18 21:00,60,0.533754459,3.20E-05
P16,4/20/18 22:00,60,0.853953804,0.000245746
P16,4/20/18 23:00,60,1.134613977,0.000501004
P16,4/21/18 0:00,60,0.856010161,0.000142623
P16,4/21/18 1:00,60,0.867905885,0.000630723
P16,4/21/18 2:00,60,0.61780934,0.000393668
P16,4/21/18 3:00,60,1.064821568,0.0005258
P16,4/21/18 4:00,60,0.940217381,0.000240045
P16,4/21/18 5:00,60,1.16537063,0.000744209
P16,4/21/18 6:00,60,3.61728958,0.001130555
P16,4/21/18 7:00,60,2.82376652,0.001738066
P16,4/21/18 8:00,60,0.712753628,0.000267185
P16,4/21/18 9:00,60,3.611493829,0.001627639
P16,4/21/18 10:00,60,5.045554644,0.002658668
P16,4/21/18 11:00,60,5.829932176,0.002488107
P16,4/21/18 12:00,60,1.179261425,0.000599157
P16,4/21/18 13:00,60,2.207212597,0.000730026
P16,4/21/18 14:00,60,3.048649798,0.00042555
P16,4/21/18 15:00,60,5.694210105,0.002501557
P16,4/21/18 16:00,60,5.409961279,0.003191485
P16,4/21/18 17:00,60,3.622580135,0.000820218
P16,4/21/18 18:00,60,5.743580777,0.002224525
P16,4/21/18 19:00,60,2.697901592,0.002929597
P16,4/21/18 20:00,60,0.705053502,5.59E-05
P16,4/21/18 21:00,60,0.784903233,7.06E-05
P16,4/21/18 22:00,60,0.83553468,9.66E-05
P16,4/21/18 23:00,60,0.84154481,0.000269462
P16,4/22/18 0:00,60,0.952770106,0.000476227
P16,4/22/18 1:00,60,3.674725729,0.000790416
P16,4/22/18 2:00,60,0.579257048,3.50E-05
P16,4/22/18 3:00,60,0.990790411,0.000377194
P16,4/22/18 4:00,60,1.754228443,0.001671893
P16,4/22/18 5:00,60,1.32496747,0.000832308
P16,4/22/18 6:00,60,0.71557049,4.56E-05
P16,4/22/18 7:00,60,0.911340235,0.000342305
P16,4/22/18 8:00,60,4.408428469,0.001530488
P16,4/22/18 9:00,60,4.367600868,0.001492554
P16,4/22/18 10:00,60,5.032257644,0.006161813
P16,4/22/18 11:00,60,2.198138223,0.000458701
P16,4/22/18 12:00,60,2.17229174,0.003201273
P16,4/22/18 13:00,60,0.770778563,0.000221868
P16,4/22/18 14:00,60,0.194592617,1.22E-09
P16,4/22/18 15:00,60,0.197045103,1.29E-09
P16,4/22/18 16:00,60,1.112825972,0.000410674
P16,4/22/18 17:00,60,0.428030555,8.35E-05
P16,4/22/18 18:00,60,0.200474218,1.55E-09
P16,4/22/18 19:00,60,0.20286574,1.38E-09
P16,4/22/18 20:00,60,0.704621226,0.001330839
P16,4/22/18 21:00,60,0.215474299,9.22E-07
P16,4/22/18 22:00,60,0.204252262,1.54E-09
P16,4/22/18 23:00,60,0.203711226,1.42E-09
P16,4/23/18 0:00,60,0.204465501,1.48E-09
P16,4/23/18 1:00,60,0.204466791,2.11E-09
P16,4/23/18 2:00,60,0.204266485,1.64E-09
P16,4/23/18 3:00,60,0.204450108,2.20E-09
P16,4/23/18 4:00,60,0.203854937,1.49E-09
P16,4/23/18 5:00,60,0.203064123,1.44E-09
P16,4/23/18 6:00,60,2.209048305,0.001997125
P16,4/23/18 7:00,60,0.698566574,0.001866398
P16,4/23/18 8:00,60,0.227549001,3.15E-06
P16,4/23/18 9:00,60,0.243597478,8.77E-06
P16,4/23/18 10:00,60,0.223331718,9.82E-08
P16,4/23/18 11:00,60,0.218070054,6.76E-09
P16,4/23/18 12:00,60,0.214472089,2.27E-09
P16,4/23/18 13:00,60,0.21384268,1.06E-08
P16,4/23/18 14:00,60,0.204680581,7.64E-08
P16,4/23/18 15:00,59,0.208118939,1.54E-09
P17,4/25/18 17:00,30,4.184864267,0.014309162
P17,4/25/18 18:00,60,5.822270537,0.001712679
P17,4/25/18 19:00,60,2.727495841,0.002892042
P17,4/25/18 20:00,60,0.455344176,2.42E-05
P17,4/25/18 21:00,60,0.731136259,0.00020954
P17,4/25/18 22:00,60,0.459185871,1.45E-05
P17,4/25/18 23:00,60,0.584233415,2.35E-05
P17,4/26/18 0:00,60,0.776222914,0.000185812
P17,4/26/18 1:00,60,0.700316431,0.000125529
P17,4/26/18 2:00,60,0.650877546,6.09E-05
P17,4/26/18 3:00,60,0.853690668,0.000300018
P17,4/26/18 4:00,60,0.487843839,3.86E-05
P17,4/26/18 5:00,60,1.048664113,0.000283
P17,4/26/18 6:00,60,1.077239685,0.002353558
P17,4/26/18 7:00,60,0.215188583,1.31E-07
P17,4/26/18 8:00,60,0.211512055,1.77E-09
P17,4/26/18 9:00,60,0.210573696,1.35E-09
P17,4/26/18 10:00,60,0.218951603,2.03E-07
P17,4/26/18 11:00,60,0.219777281,8.19E-08
P17,4/26/18 12:00,60,0.213398181,1.10E-08
P17,4/26/18 13:00,60,0.211487988,1.37E-09
P17,4/26/18 14:00,60,0.212823002,2.14E-09
P17,4/26/18 15:00,60,0.216286189,1.45E-08
P17,4/26/18 16:00,60,0.434195564,0.000419702
P17,4/26/18 17:00,60,0.200685946,9.55E-08
P17,4/26/18 18:00,60,0.219975939,1.88E-07
P17,4/26/18 19:00,60,0.20773941,3.61E-08
P17,4/26/18 20:00,60,0.21641898,8.21E-08
P17,4/26/18 21:00,60,0.226912038,1.43E-07
P17,4/26/18 22:00,60,0.216414244,8.01E-09
P17,4/26/18 23:00,60,0.213994208,2.33E-09
P17,4/27/18 0:00,60,0.215608113,1.56E-09
P17,4/27/18 1:00,60,0.215483848,1.98E-09
P17,4/27/18 2:00,60,0.215778004,2.17E-09
P17,4/27/18 3:00,60,0.215596468,1.72E-09
P17,4/27/18 4:00,60,0.216234505,2.23E-09
P17,4/27/18 5:00,60,0.216448834,1.65E-09
P17,4/27/18 6:00,60,0.217601888,9.02E-09
P17,4/27/18 7:00,60,0.217991828,4.12E-08
P17,4/27/18 8:00,60,0.216208984,2.29E-09
P17,4/27/18 9:00,60,0.214806182,1.58E-09
P17,4/27/18 10:00,60,0.215215051,2.22E-09
P17,4/27/18 11:00,60,0.2162303,1.81E-09
P17,4/27/18 12:00,60,0.215640872,1.79E-09
P17,4/27/18 13:00,60,0.215540204,1.36E-09
P17,4/27/18 14:00,60,0.214812811,1.68E-09
P17,4/27/18 15:00,60,0.215707572,2.10E-09
P17,4/27/18 16:00,60,0.214594333,1.89E-09
P17,4/27/18 17:00,60,0.214637388,1.66E-09
P17,4/27/18 18:00,60,0.214234126,1.65E-09
P17,4/27/18 19:00,60,0.215209215,2.31E-09
P17,4/27/18 20:00,60,0.22725566,1.91E-07
P17,4/27/18 21:00,35,0.135692759,4.93E-07
P17,4/25/18 17:00,30,4.184864267,0.014309162
P17,4/25/18 18:00,60,5.822270537,0.001712679
P17,4/25/18 19:00,60,2.727495841,0.002892042
P17,4/25/18 20:00,60,0.455344176,2.42E-05
P17,4/25/18 21:00,60,0.731136259,0.00020954
P17,4/25/18 22:00,60,0.459185871,1.45E-05
P17,4/25/18 23:00,60,0.584233415,2.35E-05
P17,4/26/18 0:00,60,0.776222914,0.000185812
P17,4/26/18 1:00,60,0.700316431,0.000125529
P17,4/26/18 2:00,60,0.650877546,6.09E-05
P17,4/26/18 3:00,60,0.853690668,0.000300018
P17,4/26/18 4:00,60,0.487843839,3.86E-05
P17,4/26/18 5:00,60,1.048664113,0.000283
P17,4/26/18 6:00,60,1.077239685,0.002353558
P17,4/26/18 7:00,60,0.215188583,1.31E-07
P17,4/26/18 8:00,60,0.211512055,1.77E-09
P17,4/26/18 9:00,60,0.210573696,1.35E-09
P17,4/26/18 10:00,60,0.218951603,2.03E-07
P17,4/26/18 11:00,60,0.219777281,8.19E-08
P17,4/26/18 12:00,60,0.213398181,1.10E-08
P17,4/26/18 13:00,60,0.211487988,1.37E-09
P17,4/26/18 14:00,60,0.212823002,2.14E-09
P17,4/26/18 15:00,60,0.216286189,1.45E-08
P17,4/26/18 16:00,60,0.434195564,0.000419702
P17,4/26/18 17:00,60,0.200685946,9.55E-08
P17,4/26/18 18:00,60,0.219975939,1.88E-07
P17,4/26/18 19:00,60,0.20773941,3.61E-08
P17,4/26/18 20:00,60,0.21641898,8.21E-08
P17,4/26/18 21:00,60,0.226912038,1.43E-07
P17,4/26/18 22:00,60,0.216414244,8.01E-09
P17,4/26/18 23:00,60,0.213994208,2.33E-09
P17,4/27/18 0:00,60,0.215608113,1.56E-09
P17,4/27/18 1:00,60,0.215483848,1.98E-09
P17,4/27/18 2:00,60,0.215778004,2.17E-09
P17,4/27/18 3:00,60,0.215596468,1.72E-09
P17,4/27/18 4:00,60,0.216234505,2.23E-09
P17,4/27/18 5:00,60,0.216448834,1.65E-09
P17,4/27/18 6:00,60,0.217601888,9.02E-09
P17,4/27/18 7:00,60,0.217991828,4.12E-08
P17,4/27/18 8:00,60,0.216208984,2.29E-09
P17,4/27/18 9:00,60,0.214806182,1.58E-09
P17,4/27/18 10:00,60,0.215215051,2.22E-09
P17,4/27/18 11:00,60,0.2162303,1.81E-09
P17,4/27/18 12:00,60,0.215640872,1.79E-09
P17,4/27/18 13:00,60,0.215540204,1.36E-09
P17,4/27/18 14:00,60,0.214812811,1.68E-09
P17,4/27/18 15:00,60,0.215707572,2.10E-09
P17,4/27/18 16:00,60,0.214594333,1.89E-09
P17,4/27/18 17:00,60,0.214637388,1.66E-09
P17,4/27/18 18:00,60,0.214234126,1.65E-09
P17,4/27/18 19:00,60,0.215209215,2.31E-09
P17,4/27/18 20:00,60,0.22725566,1.91E-07
P17,4/27/18 21:00,35,0.135692759,4.93E-07
P18,5/8/18 12:00,60,6.266481094,0.009170585
P18,5/8/18 13:00,60,2.821230597,0.002780616
P18,5/8/18 14:00,60,0.309860612,0.00011881
P18,5/8/18 15:00,60,2.226243822,0.001373805
P18,5/8/18 16:00,60,4.166222603,0.000487828
P18,5/8/18 17:00,60,5.017662322,0.000723162
P18,5/8/18 18:00,60,4.317090393,0.003056036
P18,5/8/18 19:00,60,2.176172905,0.004006088
P18,5/8/18 20:00,60,0.193391265,2.63E-09
P18,5/8/18 21:00,60,0.19397715,2.08E-09
P18,5/8/18 22:00,60,0.194811576,1.97E-09
P18,5/8/18 23:00,60,0.311439964,0.000126754
P18,5/9/18 0:00,60,0.219530746,3.62E-09
P18,5/9/18 1:00,60,0.218663565,2.30E-09
P18,5/9/18 2:00,60,0.218069998,2.18E-09
P18,5/9/18 3:00,60,0.217915432,1.33E-09
P18,5/9/18 4:00,60,0.217968182,1.25E-09
P18,5/9/18 5:00,60,0.21730122,1.39E-09
P18,5/9/18 6:00,60,0.218234752,2.19E-09
P18,5/9/18 7:00,60,3.460481152,0.002131608
P18,5/9/18 8:00,60,5.024092271,0.002691671
P18,5/9/18 9:00,60,2.142223575,0.00280631
P18,5/9/18 10:00,60,0.226502303,2.44E-08
P18,5/9/18 11:00,60,3.484929824,0.001344068
P18,5/9/18 12:00,60,4.287773483,0.00078228
P18,5/9/18 13:00,60,0.802637883,0.000707203
P18,5/9/18 14:00,60,0.224761053,3.12E-09
P18,5/9/18 15:00,60,3.177135733,0.00228026
P18,5/9/18 16:00,60,4.962169777,0.000882668
P18,5/9/18 17:00,60,5.379025452,0.001394777
P18,5/9/18 18:00,60,5.038455428,0.000970335
P18,5/9/18 19:00,60,5.110239213,0.000706675
P18,5/9/18 20:00,60,2.585804241,0.002898891
P18,5/9/18 21:00,60,0.216866874,2.15E-09
P18,5/9/18 22:00,60,0.216174091,1.84E-09
P18,5/9/18 23:00,60,0.217284144,1.95E-09
P18,5/10/18 0:00,60,0.213393447,2.32E-09
P18,5/10/18 1:00,60,0.213340225,1.42E-09
P18,5/10/18 2:00,60,0.212244478,1.80E-09
P18,5/10/18 3:00,60,0.212485278,1.36E-09
P18,5/10/18 4:00,60,0.212280216,1.43E-09
P18,5/10/18 5:00,60,0.211627502,1.88E-09
P18,5/10/18 6:00,60,0.211708203,2.05E-09
P18,5/10/18 7:00,60,0.60047056,0.000860326
P18,5/10/18 8:00,60,4.223348643,0.000926634
P18,5/10/18 9:00,60,1.2018105,0.000897204
P18,5/10/18 10:00,60,0.209609051,1.49E-09
P18,5/10/18 11:00,60,1.493320136,0.001561065
P18,5/10/18 12:00,60,3.838715965,0.000334113
P18,5/10/18 13:00,60,3.744708764,0.001520585
P18,5/10/18 14:00,60,0.192185358,1.07E-09
P18,5/10/18 15:00,60,0.196550508,4.40E-08
P18,5/10/18 16:00,60,0.199312313,3.04E-08
P18,5/10/18 17:00,60,0.192701911,2.40E-09
P18,5/10/18 18:00,60,0.237829937,1.67E-05
P18,5/10/18 19:00,60,0.224302308,1.82E-09
P18,5/10/18 20:00,60,0.22476678,1.96E-09
P18,5/10/18 21:00,60,0.223698157,2.30E-09
P18,5/10/18 22:00,60,0.22262365,1.61E-09
P18,5/10/18 23:00,60,0.224002838,1.69E-09
P18,5/11/18 0:00,60,0.223013,1.61E-09
P18,5/11/18 1:00,60,0.222930073,1.54E-09
P18,5/11/18 2:00,60,0.223555393,7.23E-09
P18,5/11/18 3:00,60,0.222779177,1.54E-09
P18,5/11/18 4:00,60,0.223005909,1.58E-09
P18,5/11/18 5:00,60,0.222573701,1.35E-09
P18,5/11/18 6:00,60,0.222533302,1.83E-09
P18,5/11/18 7:00,60,0.222669572,1.45E-09
P18,5/11/18 8:00,60,0.222247936,1.70E-09
P18,5/11/18 9:00,60,0.222890864,1.27E-09
P18,5/11/18 10:00,60,0.223319363,2.28E-09
P18,5/11/18 11:00,59,0.248445346,1.01E-05
P18,5/8/18 12:00,60,6.266481094,0.009170585
P18,5/8/18 13:00,60,2.821230597,0.002780616
P18,5/8/18 14:00,60,0.309860612,0.00011881
P18,5/8/18 15:00,60,2.226243822,0.001373805
P18,5/8/18 16:00,60,4.166222603,0.000487828
P18,5/8/18 17:00,60,5.017662322,0.000723162
P18,5/8/18 18:00,60,4.317090393,0.003056036
P18,5/8/18 19:00,60,2.176172905,0.004006088
P18,5/8/18 20:00,60,0.193391265,2.63E-09
P18,5/8/18 21:00,60,0.19397715,2.08E-09
P18,5/8/18 22:00,60,0.194811576,1.97E-09
P18,5/8/18 23:00,60,0.311439964,0.000126754
P18,5/9/18 0:00,60,0.219530746,3.62E-09
P18,5/9/18 1:00,60,0.218663565,2.30E-09
P18,5/9/18 2:00,60,0.218069998,2.18E-09
P18,5/9/18 3:00,60,0.217915432,1.33E-09
P18,5/9/18 4:00,60,0.217968182,1.25E-09
P18,5/9/18 5:00,60,0.21730122,1.39E-09
P18,5/9/18 6:00,60,0.218234752,2.19E-09
P18,5/9/18 7:00,60,3.460481152,0.002131608
P18,5/9/18 8:00,60,5.024092271,0.002691671
P18,5/9/18 9:00,60,2.142223575,0.00280631
P18,5/9/18 10:00,60,0.226502303,2.44E-08
P18,5/9/18 11:00,60,3.484929824,0.001344068
P18,5/9/18 12:00,60,4.287773483,0.00078228
P18,5/9/18 13:00,60,0.802637883,0.000707203
P18,5/9/18 14:00,60,0.224761053,3.12E-09
P18,5/9/18 15:00,60,3.177135733,0.00228026
P18,5/9/18 16:00,60,4.962169777,0.000882668
P18,5/9/18 17:00,60,5.379025452,0.001394777
P18,5/9/18 18:00,60,5.038455428,0.000970335
P18,5/9/18 19:00,60,5.110239213,0.000706675
P18,5/9/18 20:00,60,2.585804241,0.002898891
P18,5/9/18 21:00,60,0.216866874,2.15E-09
P18,5/9/18 22:00,60,0.216174091,1.84E-09
P18,5/9/18 23:00,60,0.217284144,1.95E-09
P18,5/10/18 0:00,60,0.213393447,2.32E-09
P18,5/10/18 1:00,60,0.213340225,1.42E-09
P18,5/10/18 2:00,60,0.212244478,1.80E-09
P18,5/10/18 3:00,60,0.212485278,1.36E-09
P18,5/10/18 4:00,60,0.212280216,1.43E-09
P18,5/10/18 5:00,60,0.211627502,1.88E-09
P18,5/10/18 6:00,60,0.211708203,2.05E-09
P18,5/10/18 7:00,60,0.60047056,0.000860326
P18,5/10/18 8:00,60,4.223348643,0.000926634
P18,5/10/18 9:00,60,1.2018105,0.000897204
P18,5/10/18 10:00,60,0.209609051,1.49E-09
P18,5/10/18 11:00,60,1.493320136,0.001561065
P18,5/10/18 12:00,60,3.838715965,0.000334113
P18,5/10/18 13:00,60,3.744708764,0.001520585
P18,5/10/18 14:00,60,0.192185358,1.07E-09
P18,5/10/18 15:00,60,0.196550508,4.40E-08
P18,5/10/18 16:00,60,0.199312313,3.04E-08
P18,5/10/18 17:00,60,0.192701911,2.40E-09
P18,5/10/18 18:00,60,0.237829937,1.67E-05
P18,5/10/18 19:00,60,0.224302308,1.82E-09
P18,5/10/18 20:00,60,0.22476678,1.96E-09
P18,5/10/18 21:00,60,0.223698157,2.30E-09
P18,5/10/18 22:00,60,0.22262365,1.61E-09
P18,5/10/18 23:00,60,0.224002838,1.69E-09
P18,5/11/18 0:00,60,0.223013,1.61E-09
P18,5/11/18 1:00,60,0.222930073,1.54E-09
P18,5/11/18 2:00,60,0.223555393,7.23E-09
P18,5/11/18 3:00,60,0.222779177,1.54E-09
P18,5/11/18 4:00,60,0.223005909,1.58E-09
P18,5/11/18 5:00,60,0.222573701,1.35E-09
P18,5/11/18 6:00,60,0.222533302,1.83E-09
P18,5/11/18 7:00,60,0.222669572,1.45E-09
P18,5/11/18 8:00,60,0.222247936,1.70E-09
P18,5/11/18 9:00,60,0.222890864,1.27E-09
P18,5/11/18 10:00,60,0.223319363,2.28E-09
P18,5/11/18 11:00,59,0.248445346,1.01E-05